field,main_area,operator,tier,provenance,api_gravity,sulfur_pct,vacuum_resid_pct,ccr_pct,vanadium_ppm,nickel_ppm,middle_distillate_pct
ALVHEIM,North sea,Aker BP ASA,1_STANDALONE,assay:Alvheim,34.5440158378669,0.40211278459505,8.72113464992648,1.122477243191,2.76486143587745,0.804090641358182,44.78554795670213
BALDER,North sea,Vår Energi ASA,1_STANDALONE,assay:Balder,30.0,0.55,18.0,,,,34.0
DRAUGEN,Norwegian sea,OKEA ASA,1_STANDALONE,assay:Draugen,41.4190002302327,0.148773065682343,5.51249407724695,0.797034543931808,0.877992838670365,0.959436965196403,39.74767224144449
EKOFISK,North sea,ConocoPhillips Skandinavia AS,1_STANDALONE,assay:Ekofisk,38.8888505112461,0.207184367217011,12.2005750162672,1.43135990464352,1.86937570940228,3.00146231462393,38.82429027928012
GINA KROG,North sea,Equinor Energy AS,1_STANDALONE,assay:Gina Krog,37.0,0.25,12.0,,,,34.0
GOLIAT,Barents sea,Vår Energi ASA,1_STANDALONE,assay:Goliat,41.2541667789031,0.167457488915332,6.54579925633189,0.700538724073377,1.11471015654105,0.730279660053952,46.39963912368749
GRANE,North sea,Equinor Energy AS,1_STANDALONE,assay:Grane,27.1149865857435,0.66784513617451,19.0037543623531,3.2658749807797,11.0720274438829,3.5232091027351,38.192842737989885
GUDRUN,North sea,Equinor Energy AS,1_STANDALONE,assay:Gudrun,52.8907602496174,0.107484276736867,3.48375045787699,0.427908176878432,0.385522532639454,0.141652533531472,28.04992635945584
GULLFAKS,North sea,Equinor Energy AS,1_STANDALONE,assay:Gullfaks,39.2636091110806,0.211019881476799,9.12833245275655,1.29277263814823,1.36373739122237,1.00202473443379,40.578826121203626
HEIDRUN,Norwegian sea,Equinor Energy AS,1_STANDALONE,assay:Heidrun,24.4409440894606,0.532004638793878,15.7949149993578,2.28098943136035,11.327379295567,2.45025444436768,44.70309629756213
JOHAN SVERDRUP,North sea,Equinor Energy AS,1_STANDALONE,assay:Johan Sverdrup,28.6999948032333,0.808983374979588,19.0386635517432,4.21493937539443,12.0608348247495,3.77434185643808,36.93440775154023
JOTUN,North sea,Vår Energi ASA,1_STANDALONE,assay:Jotun,32.0,0.3,16.0,,,,34.0
KNARR,North sea,,1_STANDALONE,assay:Knarr,26.0,0.65,22.0,,,,30.0
MARTIN LINGE,North sea,Equinor Energy AS,1_STANDALONE,assay:Martin Linge,27.8422641859289,0.21138196382242,13.4803606425822,1.5816027401334,0.636634664657283,2.61782713325675,46.85265068316069
NJORD,Norwegian sea,Equinor Energy AS,1_STANDALONE,assay:Njord,44.766792129643,0.0643388067225921,3.2485766922058,0.351998049953245,0.316729805959251,0.221407579785093,39.30790353521274
NORNE,Norwegian sea,Equinor Energy AS,1_STANDALONE,assay:Norne,33.9955719154872,0.173762395630177,8.05150046202256,1.0125261514852,0.514814556054689,1.4130265807347,45.44239814855472
OSEBERG,North sea,Equinor Energy AS,1_STANDALONE,assay:Oseberg,39.9434656421417,0.189810897966947,8.32821784897739,1.26116051024895,0.884546002984465,1.07199277773617,42.91410169649291
SKARV,Norwegian sea,Aker BP ASA,1_STANDALONE,assay:Skarv,50.8043095440118,0.0641524144208956,1.75244463606187,0.244097827507834,0.504163746301246,0.171384269186692,46.71379168035491
STATFJORD,North sea,Equinor Energy AS,1_STANDALONE,assay:Statfjord,39.2677387701335,0.249441048544377,9.47536168226264,1.33838521711888,1.6278343315846,0.98808960819825,40.498496911447944
TROLL,North sea,Equinor Energy AS,1_STANDALONE,assay:Troll,38.765436257241,0.130936656687094,7.17051168368127,0.780222344017711,0.302020359581978,0.432467729252159,39.56219896972246
BØYLA,North sea,Aker BP ASA,2_BLEND,blend:Alvheim,34.5440158378669,0.40211278459505,8.72113464992648,1.122477243191,2.76486143587745,0.804090641358182,44.78554795670213
EDVARD GRIEG,North sea,Aker BP ASA,2_BLEND,blend:Grane,27.1149865857435,0.66784513617451,19.0037543623531,3.2658749807797,11.0720274438829,3.5232091027351,38.192842737989885
ELDFISK,North sea,ConocoPhillips Skandinavia AS,2_BLEND,blend:Ekofisk,38.8888505112461,0.207184367217011,12.2005750162672,1.43135990464352,1.86937570940228,3.00146231462393,38.82429027928012
EMBLA,North sea,ConocoPhillips Skandinavia AS,2_BLEND,blend:Ekofisk,38.8888505112461,0.207184367217011,12.2005750162672,1.43135990464352,1.86937570940228,3.00146231462393,38.82429027928012
FRAM,North sea,Equinor Energy AS,2_BLEND,blend:Troll,38.765436257241,0.130936656687094,7.17051168368127,0.780222344017711,0.302020359581978,0.432467729252159,39.56219896972246
FRAM H-NORD,North sea,Equinor Energy AS,2_BLEND,blend:Troll,38.765436257241,0.130936656687094,7.17051168368127,0.780222344017711,0.302020359581978,0.432467729252159,39.56219896972246
GYDA,North sea,,2_BLEND,blend:Ekofisk,38.8888505112461,0.207184367217011,12.2005750162672,1.43135990464352,1.86937570940228,3.00146231462393,38.82429027928012
HOD,North sea,Aker BP ASA,2_BLEND,blend:Ekofisk,38.8888505112461,0.207184367217011,12.2005750162672,1.43135990464352,1.86937570940228,3.00146231462393,38.82429027928012
IVAR AASEN,North sea,Aker BP ASA,2_BLEND,blend:Grane,27.1149865857435,0.66784513617451,19.0037543623531,3.2658749807797,11.0720274438829,3.5232091027351,38.192842737989885
KVITEBJØRN,North sea,Equinor Energy AS,2_BLEND,blend:Gullfaks,39.2636091110806,0.211019881476799,9.12833245275655,1.29277263814823,1.36373739122237,1.00202473443379,40.578826121203626
MARIA,Norwegian sea,Harbour Energy Norge AS,2_BLEND,blend:Heidrun,24.4409440894606,0.532004638793878,15.7949149993578,2.28098943136035,11.327379295567,2.45025444436768,44.70309629756213
MARULK,Norwegian sea,DNO Norge AS,2_BLEND,blend:Norne,33.9955719154872,0.173762395630177,8.05150046202256,1.0125261514852,0.514814556054689,1.4130265807347,45.44239814855472
OSEBERG SØR,North sea,Equinor Energy AS,2_BLEND,blend:Oseberg,39.9434656421417,0.189810897966947,8.32821784897739,1.26116051024895,0.884546002984465,1.07199277773617,42.91410169649291
OSEBERG ØST,North sea,Equinor Energy AS,2_BLEND,blend:Oseberg,39.9434656421417,0.189810897966947,8.32821784897739,1.26116051024895,0.884546002984465,1.07199277773617,42.91410169649291
SKOGUL,North sea,Aker BP ASA,2_BLEND,blend:Alvheim,34.5440158378669,0.40211278459505,8.72113464992648,1.122477243191,2.76486143587745,0.804090641358182,44.78554795670213
SKULD,Norwegian sea,Equinor Energy AS,2_BLEND,blend:Norne,33.9955719154872,0.173762395630177,8.05150046202256,1.0125261514852,0.514814556054689,1.4130265807347,45.44239814855472
SNORRE,North sea,Equinor Energy AS,2_BLEND,blend:Statfjord,39.2677387701335,0.249441048544377,9.47536168226264,1.33838521711888,1.6278343315846,0.98808960819825,40.498496911447944
SOLVEIG,North sea,Aker BP ASA,2_BLEND,blend:Grane,27.1149865857435,0.66784513617451,19.0037543623531,3.2658749807797,11.0720274438829,3.5232091027351,38.192842737989885
STATFJORD NORD,North sea,Equinor Energy AS,2_BLEND,blend:Statfjord,39.2677387701335,0.249441048544377,9.47536168226264,1.33838521711888,1.6278343315846,0.98808960819825,40.498496911447944
STATFJORD ØST,North sea,Equinor Energy AS,2_BLEND,blend:Statfjord,39.2677387701335,0.249441048544377,9.47536168226264,1.33838521711888,1.6278343315846,0.98808960819825,40.498496911447944
SYGNA,North sea,Equinor Energy AS,2_BLEND,blend:Statfjord,39.2677387701335,0.249441048544377,9.47536168226264,1.33838521711888,1.6278343315846,0.98808960819825,40.498496911447944
TAMBAR,North sea,Aker BP ASA,2_BLEND,blend:Ekofisk,38.8888505112461,0.207184367217011,12.2005750162672,1.43135990464352,1.86937570940228,3.00146231462393,38.82429027928012
TORDIS,North sea,Equinor Energy AS,2_BLEND,blend:Statfjord,39.2677387701335,0.249441048544377,9.47536168226264,1.33838521711888,1.6278343315846,0.98808960819825,40.498496911447944
ULA,North sea,Aker BP ASA,2_BLEND,blend:Ekofisk,38.8888505112461,0.207184367217011,12.2005750162672,1.43135990464352,1.86937570940228,3.00146231462393,38.82429027928012
URD,Norwegian sea,Equinor Energy AS,2_BLEND,blend:Norne,33.9955719154872,0.173762395630177,8.05150046202256,1.0125261514852,0.514814556054689,1.4130265807347,45.44239814855472
VALHALL,North sea,Aker BP ASA,2_BLEND,blend:Ekofisk,38.8888505112461,0.207184367217011,12.2005750162672,1.43135990464352,1.86937570940228,3.00146231462393,38.82429027928012
VIGDIS,North sea,Equinor Energy AS,2_BLEND,blend:Statfjord,39.2677387701335,0.249441048544377,9.47536168226264,1.33838521711888,1.6278343315846,0.98808960819825,40.498496911447944
VILJE,North sea,Aker BP ASA,2_BLEND,blend:Alvheim,34.5440158378669,0.40211278459505,8.72113464992648,1.122477243191,2.76486143587745,0.804090641358182,44.78554795670213
VISUND,North sea,Equinor Energy AS,2_BLEND,blend:Gullfaks,39.2636091110806,0.211019881476799,9.12833245275655,1.29277263814823,1.36373739122237,1.00202473443379,40.578826121203626
VOLUND,North sea,Aker BP ASA,2_BLEND,blend:Alvheim,34.5440158378669,0.40211278459505,8.72113464992648,1.122477243191,2.76486143587745,0.804090641358182,44.78554795670213
ALBUSKJELL,North sea,ConocoPhillips Skandinavia AS,3_ANALOG,"analog-k3:OSEBERG ØST+(ΔAPI=4.8,område)",44.75959850374065,0.189810897966947,8.32821784897739,1.26116051024895,0.884546002984465,1.07199277773617,42.91410169649291
ALVE,Norwegian sea,Equinor Energy AS,3_ANALOG,"analog-k3:NJORD+(ΔAPI=0.4,område)",45.20024749999999,0.0643388067225921,3.2485766922058,0.351998049953245,0.504163746301246,0.221407579785093,39.74767224144449
ASGARD,Unknown,,3_ANALOG,"analog-k3:NJORD+(ΔAPI=2.7,NCS)",47.5,0.0643388067225921,3.2485766922058,0.351998049953245,0.385522532639454,0.171384269186692,39.30790353521274
BESTLA,North sea,OKEA ASA,3_ANALOG,"analog-k3:GINA KROG+(ΔAPI=1.0,område)",35.98838625592418,0.40211278459505,8.72113464992648,1.122477243191,2.76486143587745,0.804090641358182,44.78554795670213
BLANE,North sea,Repsol Norge AS,3_ANALOG,"analog-k3:OSEBERG ØST+(ΔAPI=3.1,område)",43.01876296296297,0.189810897966947,8.32821784897739,1.26116051024895,0.884546002984465,1.07199277773617,42.91410169649291
BRAGE,North sea,OKEA ASA,3_ANALOG,"analog-k3:GINA KROG+(ΔAPI=1.1,område)",35.889280701926594,0.40211278459505,8.72113464992648,1.122477243191,2.76486143587745,0.804090641358182,44.78554795670213
BREIDABLIKK,North sea,Equinor Energy AS,3_ANALOG,"analog-k3:KNARR+(ΔAPI=4.0,område)",22.0,0.66784513617451,19.0037543623531,3.2658749807797,11.0720274438829,3.5232091027351,38.192842737989885
BRYNHILD,North sea,,3_ANALOG,"analog-k3:BALDER+(ΔAPI=0.3,område)",29.686086659065012,0.55,18.0,2.8982710577639152,6.348734744703392,3.1960844948474154,36.93440775154023
COD,North sea,,3_ANALOG,"analog-k3:OSEBERG ØST+(ΔAPI=0.9,område)",40.890485365853664,0.189810897966947,8.32821784897739,1.26116051024895,0.884546002984465,1.07199277773617,42.91410169649291
FENJA,Norwegian sea,Vår Energi ASA,3_ANALOG,"analog-k3:NORNE+(ΔAPI=1.8,område)",35.790175147929006,0.173762395630177,8.05150046202256,1.0125261514852,0.514814556054689,1.4130265807347,45.44239814855472
FENRIS (BONUS),Unknown,,3_ANALOG,"analog-k3:NJORD+(ΔAPI=0.2,NCS)",45.0,0.148773065682343,5.51249407724695,0.700538724073377,0.877992838670365,0.730279660053952,39.74767224144449
FLYNDRE,North sea,,3_ANALOG,"analog-k3:OSEBERG ØST+(ΔAPI=0.9,område)",40.890485365853664,0.189810897966947,8.32821784897739,1.26116051024895,0.884546002984465,1.07199277773617,42.91410169649291
FRØY,North sea,Aker BP ASA,3_ANALOG,"analog-k3:FRAM H-NORD+(ΔAPI=0.8,område)",38.0,0.130936656687094,7.17051168368127,0.780222344017711,0.302020359581978,0.432467729252159,39.56219896972246
FULLA,North sea,Aker BP ASA,3_ANALOG,"analog-k3:OSEBERG ØST+(ΔAPI=3.1,område)",43.01876296296297,0.189810897966947,8.32821784897739,1.26116051024895,0.884546002984465,1.07199277773617,42.91410169649291
GAUPE,North sea,,3_ANALOG,"analog-k3:JOTUN+(ΔAPI=0.9,område)",32.87232325581397,0.40211278459505,8.72113464992648,1.122477243191,2.76486143587745,0.804090641358182,44.78554795670213
GJØA,North sea,Vår Energi ASA,3_ANALOG,"analog-k3:GUDRUN+(ΔAPI=6.5,område)",59.423465566110025,0.189810897966947,8.32821784897739,1.26116051024895,0.884546002984465,1.07199277773617,42.91410169649291
GLITNE,North sea,Equinor Energy AS,3_ANALOG,"analog-k3:JOTUN+(ΔAPI=0.1,område)",32.1113402777778,0.40211278459505,16.0,1.122477243191,2.76486143587745,0.804090641358182,34.0
GULLFAKS SØR,North sea,Equinor Energy AS,3_ANALOG,"analog-k3:FRAM H-NORD+(ΔAPI=0.5,område)",38.241458994983574,0.130936656687094,7.17051168368127,0.780222344017711,0.302020359581978,0.432467729252159,39.56219896972246
GUNGNE,North sea,Equinor Energy AS,3_ANALOG,"analog-k3:GUDRUN+(ΔAPI=0.4,område)",52.44370402986844,0.189810897966947,8.32821784897739,1.26116051024895,0.884546002984465,1.07199277773617,42.91410169649291
HANZ,North sea,Aker BP ASA,3_ANALOG,"analog-k3:GINA KROG+(ΔAPI=0.2,område)",36.785950000000014,0.130936656687094,7.17051168368127,0.780222344017711,0.302020359581978,0.432467729252159,39.56219896972246
HUGIN SATELLITTER,North sea,Aker BP ASA,3_ANALOG,"analog-k3:OSEBERG ØST+(ΔAPI=0.1,område)",39.84569454545456,0.189810897966947,8.32821784897739,1.26116051024895,0.884546002984465,1.07199277773617,42.91410169649291
HULDRA,North sea,Equinor Energy AS,3_ANALOG,"analog-k3:OSEBERG ØST+(ΔAPI=3.7,område)",43.667531598512994,0.189810897966947,8.32821784897739,1.26116051024895,0.884546002984465,1.07199277773617,42.91410169649291
IDUN NORD (BONUS - SKARV SATELLITE),Unknown,,3_ANALOG,"analog-k3:SKARV+(ΔAPI=0.8,NCS)",50.0,0.0643388067225921,3.2485766922058,0.351998049953245,0.385522532639454,0.171384269186692,39.30790353521274
JOHAN SVERDRUP (BONUS - PARTNER-OPERATED),Unknown,,3_ANALOG,"analog-k3:MARTIN LINGE+(ΔAPI=0.2,NCS)",28.0,0.66784513617451,19.0037543623531,3.2658749807797,11.0720274438829,3.5232091027351,38.192842737989885
KRAFLA,Unknown,,3_ANALOG,"analog-k3:FRAM H-NORD+(ΔAPI=0.8,NCS)",38.0,0.130936656687094,7.17051168368127,0.780222344017711,0.302020359581978,0.432467729252159,39.56219896972246
KRISTIN,Norwegian sea,Equinor Energy AS,3_ANALOG,"analog-k3:NJORD+(ΔAPI=1.5,område)",46.31156981132074,0.0643388067225921,3.2485766922058,0.351998049953245,0.504163746301246,0.221407579785093,39.74767224144449
MIKKEL,Norwegian sea,Equinor Energy AS,3_ANALOG,"analog-k3:SKARV+(ΔAPI=5.7,område)",56.478986702127656,0.0643388067225921,3.2485766922058,0.351998049953245,0.504163746301246,0.221407579785093,39.74767224144449
MIME,North sea,,3_ANALOG,"analog-k3:KVITEBJØRN+(ΔAPI=0.0,område)",39.224876811594214,0.211019881476799,9.12833245275655,1.29277263814823,1.36373739122237,1.00202473443379,40.578826121203626
MUNIN,North sea,Aker BP ASA,3_ANALOG,"analog-k3:FRAM H-NORD+(ΔAPI=0.8,område)",38.0,0.130936656687094,7.17051168368127,0.780222344017711,0.302020359581978,0.432467729252159,39.56219896972246
ODA (BONUS - PARTNER-OPERATED),Unknown,,3_ANALOG,"analog-k3:OSEBERG SØR+(ΔAPI=0.1,NCS)",40.0,0.189810897966947,8.32821784897739,1.26116051024895,0.884546002984465,1.07199277773617,42.91410169649291
OSELVAR,North sea,,3_ANALOG,"analog-k3:GUDRUN+(ΔAPI=5.5,område)",47.43695949367088,0.189810897966947,8.32821784897739,1.26116051024895,0.884546002984465,1.07199277773617,42.91410169649291
SIGYN,North sea,Equinor Energy AS,3_ANALOG,"analog-k3:GUDRUN+(ΔAPI=6.6,område)",59.52729459459459,0.189810897966947,8.32821784897739,1.26116051024895,0.884546002984465,1.07199277773617,42.91410169649291
SKIRNE,North sea,,3_ANALOG,"analog-k3:GUDRUN+(ΔAPI=3.0,område)",49.850254013157894,0.189810897966947,8.32821784897739,1.26116051024895,0.884546002984465,1.07199277773617,42.91410169649291
SLEIPNER VEST,North sea,Equinor Energy AS,3_ANALOG,"analog-k3:GUDRUN+(ΔAPI=6.0,område)",46.872560591730675,0.189810897966947,8.32821784897739,1.26116051024895,0.884546002984465,1.07199277773617,42.91410169649291
SLEIPNER ØST,North sea,Equinor Energy AS,3_ANALOG,"analog-k3:GUDRUN+(ΔAPI=4.1,område)",56.980264000000005,0.189810897966947,8.32821784897739,1.26116051024895,0.884546002984465,1.07199277773617,42.91410169649291
SYMRA,North sea,Aker BP ASA,3_ANALOG,"analog-k3:ALVHEIM+(ΔAPI=0.5,område)",34.027163934426255,0.40211278459505,8.72113464992648,1.122477243191,2.76486143587745,0.804090641358182,44.78554795670213
TOMMELITEN A,North sea,ConocoPhillips Skandinavia AS,3_ANALOG,"analog-k3:OSEBERG ØST+(ΔAPI=1.4,område)",41.31197799511003,0.189810897966947,8.32821784897739,1.26116051024895,0.884546002984465,1.07199277773617,42.91410169649291
TOMMELITEN GAMMA,North sea,ConocoPhillips Skandinavia AS,3_ANALOG,"analog-k3:GUDRUN+(ΔAPI=6.5,område)",46.429179371366104,0.189810897966947,8.32821784897739,1.26116051024895,0.884546002984465,1.07199277773617,42.91410169649291
TOR,North sea,ConocoPhillips Skandinavia AS,3_ANALOG,"analog-k3:OSEBERG ØST+(ΔAPI=0.6,område)",40.57577646541071,0.189810897966947,8.32821784897739,1.26116051024895,0.884546002984465,1.07199277773617,42.91410169649291
TRESTAKK,Norwegian sea,Equinor Energy AS,3_ANALOG,"analog-k3:DRAUGEN+(ΔAPI=1.6,område)",39.84569454545456,0.148773065682343,5.51249407724695,0.797034543931808,0.514814556054689,0.959436965196403,39.74767224144449
TRYM,North sea,DNO Norge AS,3_ANALOG,"analog-k3:OSEBERG ØST+(ΔAPI=5.3,område)",45.20466511662791,0.189810897966947,8.32821784897739,1.26116051024895,0.884546002984465,1.07199277773617,42.91410169649291
TUNE,North sea,Equinor Energy AS,3_ANALOG,"analog-k3:ALVHEIM+(ΔAPI=0.6,område)",33.97504010131435,0.40211278459505,8.72113464992648,1.122477243191,2.76486143587745,0.804090641358182,44.78554795670213
TYRIHANS,Norwegian sea,Equinor Energy AS,3_ANALOG,"analog-k3:DRAUGEN+(ΔAPI=1.5,område)",39.92871087033123,0.148773065682343,5.51249407724695,0.797034543931808,0.514814556054689,0.959436965196403,39.74767224144449
TYRVING (BONUS),Unknown,,3_ANALOG,"analog-k3:URD+(ΔAPI=0.0,NCS)",34.0,0.173762395630177,8.05150046202256,1.0125261514852,0.514814556054689,1.4130265807347,45.44239814855472
UTGARD,North sea,Equinor Energy AS,3_ANALOG,"analog-k3:OSEBERG ØST+(ΔAPI=4.2,område)",44.11248630763792,0.189810897966947,8.32821784897739,1.26116051024895,0.884546002984465,1.07199277773617,42.91410169649291
VALE,North sea,Aker BP ASA,3_ANALOG,"analog-k3:OSEBERG ØST+(ΔAPI=3.1,område)",43.01876296296297,0.189810897966947,8.32821784897739,1.26116051024895,0.884546002984465,1.07199277773617,42.91410169649291
VARG,North sea,Repsol Norge AS,3_ANALOG,"analog-k3:ALVHEIM+(ΔAPI=0.1,område)",34.61092032311517,0.40211278459505,8.72113464992648,1.122477243191,2.76486143587745,0.804090641358182,44.78554795670213
VEGA,North sea,Harbour Energy Norge AS,3_ANALOG,"analog-k3:OSEBERG ØST+(ΔAPI=4.4,område)",44.32114179104477,0.189810897966947,8.32821784897739,1.26116051024895,0.884546002984465,1.07199277773617,42.91410169649291
VESLEFRIKK,North sea,Equinor Energy AS,3_ANALOG,"analog-k3:FRAM H-NORD+(ΔAPI=0.1,område)",38.71101654125528,0.130936656687094,7.17051168368127,0.780222344017711,0.302020359581978,0.432467729252159,39.56219896972246
VEST EKOFISK,North sea,ConocoPhillips Skandinavia AS,3_ANALOG,"analog-k3:OSEBERG ØST+(ΔAPI=2.6,område)",42.58891379310344,0.189810897966947,8.32821784897739,1.26116051024895,0.884546002984465,1.07199277773617,42.91410169649291
VOLVE,North sea,Aker BP ASA,3_ANALOG,"analog-k3:IVAR AASEN+(ΔAPI=0.1,område)",26.975558295964134,0.66784513617451,19.0037543623531,3.2658749807797,11.0720274438829,3.5232091027351,38.192842737989885
YGGDRASIL,Unknown,,3_ANALOG,"analog-k3:URD+(ΔAPI=0.0,NCS)",34.0,0.173762395630177,8.05150046202256,1.0125261514852,0.514814556054689,1.4130265807347,45.44239814855472
YME,North sea,Repsol Norge AS,3_ANALOG,"analog-k3:FRAM H-NORD+(ΔAPI=0.3,område)",38.507788177660544,0.130936656687094,7.17051168368127,0.780222344017711,0.302020359581978,0.432467729252159,39.56219896972246
ØRN (BONUS - SKARV SATELLITE),Unknown,,3_ANALOG,"analog-k3:SKARV+(ΔAPI=0.8,NCS)",50.0,0.0643388067225921,3.2485766922058,0.351998049953245,0.385522532639454,0.171384269186692,39.30790353521274
