field,grade,is_direct_assay,n_months,decline_mean,decline_median,decline_std,decline_p25,decline_p75,oil_mean,gor_mean,water_cut_mean,field_age_mean,first_year,last_year,api_gravity,sulfur_pct,pour_point_c,vacuum_resid_pct,naphtha_pct,middle_distillate_pct,bottom_of_barrel_pct,ccr_pct,vanadium_ppm,nickel_ppm,nitrogen_ppm,viscosity_cst_40c,tan_mgkoh,wax_pct,main_area,discovery_year,D_monthly,D_annual,D_r2,n_post_peak,half_life_months
ALVHEIM,Alvheim,True,200,0.017201804055749895,-0.008762376778930731,0.2837678716696648,-0.06951673905591982,0.056236597431467326,0.25479755,0.20734362420260385,0.5463513967932438,19.33,2009,2026,34.5440158378669,0.40211278459505,-39.0,8.72113464992648,19.39621897341145,44.78554795670213,34.521202266508084,1.122477243191,2.76486143587745,0.804090641358182,747.235115370179,4.31361173727147,0.430000007152557,6.93596804107413,North sea,1998,0.004697561838300385,0.05637074205960462,0.6077840771615967,196.0,147.55466865993006
BALDER,Balder,True,316,0.03207475684420505,-0.009197674950207138,0.2972092962256701,-0.08258666621935654,0.08533610010861581,0.2532747151898734,0.01972813481025334,0.5843002078923857,45.5,1999,2026,30.0,0.55,-6.0,18.0,16.0,34.0,42.0,,,,,,,,North sea,1967,0.005620427173071531,0.06744512607685837,0.527030027344883,241.0,123.32642327987756
BØYLA,Alvheim,False,121,0.05841951305211448,-0.042810098792535646,0.4992788007025015,-0.13366788321167877,0.04594532506317486,0.02714694214876033,0.09578134421366927,0.4657481371600929,11.62809917355372,2016,2026,34.5440158378669,0.40211278459505,-39.0,8.72113464992648,19.39621897341145,44.78554795670213,34.521202266508084,1.122477243191,2.76486143587745,0.804090641358182,747.235115370179,4.31361173727147,0.430000007152557,6.93596804107413,North sea,2009,0.004206228385884057,0.05047474063060868,0.01586316747982408,119.0,164.79066683257642
DRAUGEN,Draugen,True,374,0.03588329594308265,-0.01265567922608692,0.3580149384836299,-0.08893142767107562,0.06645801661226614,0.3852344117647059,0.038877671275156796,0.5706958937507404,25.983957219251337,1994,2026,41.4190002302327,0.148773065682343,-24.0,5.51249407724695,30.13820917301024,39.74767224144449,25.447823551839953,0.797034543931808,0.877992838670365,0.959436965196403,550.452143262982,2.21504232024333,0.0869999974966049,2.90031688344829,Norwegian sea,1984,0.009777854002196001,0.117334248026352,0.8863086287856035,316.0,70.88949992547157
EDVARD GRIEG,Grane,False,110,0.02064626555344743,-0.017686022934570233,0.30892569309859785,-0.0790843426519911,0.05848616547248552,0.35808509090909096,0.09534476814769577,0.2500671179562641,14.090909090909092,2017,2026,27.1149865857435,0.66784513617451,0.0,19.0037543623531,11.76570998444963,38.192842737989885,47.925515066086575,3.2658749807797,11.0720274438829,3.5232091027351,1949.94386993433,13.7372014832226,1.10000002384186,7.10112377835507,North sea,2007,0.03199228605514446,0.38390743266173355,0.7326044858114898,57.0,21.666072232699516
EKOFISK,Ekofisk,True,643,0.04215078713927508,-0.0031455284835426108,0.3959013095222192,-0.06257117452303171,0.05210111686507063,0.7869419595645412,0.31793219238023573,0.26824808525045696,29.874027993779162,1972,2026,38.8888505112461,0.207184367217011,-3.0,12.2005750162672,23.53437506996303,38.82429027928012,34.111099855306705,1.43135990464352,1.86937570940228,3.00146231462393,1167.98218528124,3.82708799168692,0.100000001490116,7.72782984413177,North sea,1969,0.0012314974478567712,0.014777969374281254,0.026023914449569197,592.0,562.8490597087795
ELDFISK,Ekofisk,False,545,0.04761300908086858,-0.0076460061818773096,0.4184064395857405,-0.06666002391390993,0.061015370284117375,0.22983983486238532,0.33200911968570157,0.20536003001599715,32.89724770642202,1980,2026,38.8888505112461,0.207184367217011,-3.0,12.2005750162672,23.53437506996303,38.82429027928012,34.111099855306705,1.43135990464352,1.86937570940228,3.00146231462393,1167.98218528124,3.82708799168692,0.100000001490116,7.72782984413177,North sea,1970,0.0008541748194994781,0.010250097833993738,0.2129338403087424,543.0,811.4816367053639
EMBLA,Ekofisk,False,377,0.061468440478003046,-0.024335904027420696,0.4791659500482111,-0.13564213564213573,0.11388888888888891,0.028027400530503982,0.7395549782462517,0.03993677937691974,21.787798408488065,1994,2026,38.8888505112461,0.207184367217011,-3.0,12.2005750162672,23.53437506996303,38.82429027928012,34.111099855306705,1.43135990464352,1.86937570940228,3.00146231462393,1167.98218528124,3.82708799168692,0.100000001490116,7.72782984413177,North sea,1988,0.006926522179853675,0.08311826615824411,0.7561645996487548,370.0,100.07145903264663
FRAM,Troll,False,255,0.034046295640793964,-0.0177951709370154,0.35001745920843236,-0.07850372416026365,0.05901024103246222,0.1592327450980392,0.45889396160786344,0.2637866070692807,24.968627450980392,2004,2026,38.765436257241,0.130936656687094,-12.0,7.17051168368127,29.08033978396558,39.56219896972246,28.58076133428843,0.780222344017711,0.302020359581978,0.432467729252159,510.437984649045,2.56868800351999,0.409999996423722,4.50042664573574,North sea,1990,0.006898718170417511,0.08278461804501012,0.7949362598403451,204.0,100.47477856571085
FRAM H-NORD,Troll,False,35,-0.012064554914666594,-0.02908277404921698,0.32297879581098343,-0.14828603327149473,0.06242518742518748,0.008651142857142857,0.0,0.6105178128986645,11.742857142857142,2015,2023,38.765436257241,0.130936656687094,-12.0,7.17051168368127,29.08033978396558,39.56219896972246,28.58076133428843,0.780222344017711,0.302020359581978,0.432467729252159,510.437984649045,2.56868800351999,0.409999996423722,4.50042664573574,North sea,2007,0.010258991740778317,0.12310790088933982,0.46401082037402086,31.0,67.56484438960649
GINA KROG,Gina Krog,True,91,0.07102385029322891,-0.04133967743928815,0.5726795365190992,-0.13613589267157528,0.07538016349604408,0.07855582417582417,3.0472295814110533,0.040197490625495984,43.86813186813187,2018,2026,37.0,0.25,-10.0,12.0,25.0,34.0,32.0,,,,,,,,North sea,1978,0.01979892432736624,0.2375870919283949,0.8126478344306454,86.0,35.009335310296194
GOLIAT,Goliat,True,106,0.05070912645404144,-0.023850948003384637,0.5051442611208692,-0.09637831384413079,0.05044141957111993,0.173765,0.0,0.39032473757897856,21.245283018867923,2017,2026,41.2541667789031,0.167457488915332,-9.0,6.54579925633189,27.568250982386672,46.39963912368749,23.71865360946196,0.700538724073377,1.11471015654105,0.730279660053952,403.214575744402,2.21902312418446,0.0700000002980232,7.02639236277687,Barents sea,2000,0.010900398848938453,0.13080478618726143,0.6684871586453309,97.0,63.58915762311286
GRANE,Grane,True,267,0.047275512755388015,-0.006619220624097934,0.3976499331480811,-0.07594130810859633,0.07525414070146562,0.5165407116104869,0.0,0.416967100664455,23.471910112359552,2003,2026,27.1149865857435,0.66784513617451,0.0,19.0037543623531,11.76570998444963,38.192842737989885,47.925515066086575,3.2658749807797,11.0720274438829,3.5232091027351,1949.94386993433,13.7372014832226,1.10000002384186,7.10112377835507,North sea,1991,0.008363218468357334,0.10035862162028801,0.8493007506879888,232.0,82.88043451005174
GUDRUN,Gudrun,True,130,0.08543320610582461,-0.009182675051472916,0.5965359236940402,-0.08793699051660171,0.07773741790720279,0.1554933076923077,0.7968455090323385,0.2045865992234519,45.246153846153845,2015,2026,52.8907602496174,0.107484276736867,-34.4871872756882,3.48375045787699,52.9366564331882,28.04992635945584,12.19983761599267,0.427908176878432,0.385522532639454,0.141652533531472,327.839966600703,0.906681435282773,0.0204534027725458,2.67331165840072,North sea,1975,0.015535418009435028,0.18642501611322032,0.8325920342650394,124.0,44.61722112266182
GULLFAKS,Gullfaks,True,458,0.02069461555326526,-0.004883029820193197,0.23371963344597932,-0.07589769179941797,0.07603307988555853,0.8213749781659389,0.03818530477329873,0.5693260782152941,28.58515283842795,1988,2026,39.2636091110806,0.211019881476799,-14.3598584609337,9.12833245275655,24.829243951917828,40.578826121203626,30.92540055276025,1.29277263814823,1.36373739122237,1.00202473443379,682.966522336703,2.98525862641834,0.0859949740533258,5.66064980065889,North sea,1978,0.008607907730778292,0.10329489276933951,0.8880906948272438,376.0,80.52446683199679
GYDA,Ekofisk,False,342,0.029254723236219835,-0.016934852235695595,0.35154143971210133,-0.09170019276654774,0.08698736813942833,0.09676824561403509,0.1552806743079947,0.5086964917942091,25.27485380116959,1991,2020,38.8888505112461,0.207184367217011,-3.0,12.2005750162672,23.53437506996303,38.82429027928012,34.111099855306705,1.43135990464352,1.86937570940228,3.00146231462393,1167.98218528124,3.82708799168692,0.100000001490116,7.72782984413177,North sea,1980,0.01424168984764529,0.1709002781717435,0.9414159375843758,297.0,48.67029039215804
HEIDRUN,Heidrun,True,352,0.017450103118076137,-0.010435787679774523,0.2641754114169647,-0.06139805205362178,0.04014595297946466,0.4786260227272727,0.2982630375759491,0.4184171047136925,26.0,1996,2026,24.4409440894606,0.532004638793878,-64.993677147368,15.7949149993578,7.07375475087069,44.70309629756213,47.54460121823877,2.28098943136035,11.327379295567,2.45025444436768,1067.60242618784,17.5153511397964,3.20000004768371,6.10117361985008,Norwegian sea,1985,0.005565559711726102,0.06678671654071322,0.8683955272095899,338.0,124.5422233274311
HOD,Ekofisk,False,393,0.08656860113155532,-0.011409189022510091,0.5408442059008569,-0.11627282491944146,0.13570205479452066,0.02674702290076336,0.13625921097577398,0.24507230474741354,34.24936386768448,1991,2026,38.8888505112461,0.207184367217011,-3.0,12.2005750162672,23.53437506996303,38.82429027928012,34.111099855306705,1.43135990464352,1.86937570940228,3.00146231462393,1167.98218528124,3.82708799168692,0.100000001490116,7.72782984413177,North sea,1974,0.004413625522663837,0.05296350627196604,0.23688421489909495,389.0,157.04712078554354
IVAR AASEN,Grane,False,98,0.04926037781462576,-0.018633784024348968,0.441838669763144,-0.10636902712465814,0.08171619784275233,0.16715285714285716,0.1922575922701167,0.578829847915946,13.591836734693878,2018,2026,27.1149865857435,0.66784513617451,0.0,19.0037543623531,11.76570998444963,38.192842737989885,47.925515066086575,3.2658749807797,11.0720274438829,3.5232091027351,1949.94386993433,13.7372014832226,1.10000002384186,7.10112377835507,North sea,2008,0.01827491776840735,0.21929901322088818,0.7530927515385345,71.0,37.92888095826177
JOHAN SVERDRUP,Johan Sverdrup,True,64,0.00999909466450479,-0.007349706623415597,0.11093494454593777,-0.04776252114579643,0.0682737374944711,3.01208265625,0.03404079682839437,0.1039938541283109,13.0,2020,2026,28.6999948032333,0.808983374979588,-9.0,19.0386635517432,13.3664258293227,36.93440775154023,46.42446283978464,4.21493937539443,12.0608348247495,3.77434185643808,1735.21925216333,11.5539580305525,0.319999992847443,8.9696146711342,North sea,2010,0.003530414087340079,0.04236496904808095,0.18997671680941652,26.0,196.3359434366475
JOTUN,Jotun,True,193,-0.003970592454334816,-0.026267785479751983,0.24443973267931066,-0.09249702262802709,0.03614069054533719,0.08513870466321244,0.03388429790177825,0.8818409794691473,14.373056994818652,2000,2016,32.0,0.3,9.0,16.0,18.0,34.0,40.0,,,,,,,,North sea,1994,0.02207537944181927,0.26490455330183127,0.7355104369411889,179.0,31.39910606686368
KNARR,Knarr,True,71,0.014783872607880676,-0.02453632148377126,0.3158948751839703,-0.15301455195259772,0.11019306447217267,0.10469957746478874,0.0376598596861889,0.6182091329234085,10.873239436619718,2016,2022,26.0,0.65,-6.0,22.0,14.0,30.0,48.0,,,,,,,,North sea,2008,0.026264143717373196,0.31516972460847836,0.7105898936255912,68.0,26.39138698062494
KVITEBJØRN,Gullfaks,False,233,0.06369840503205294,-0.017580639229100026,0.4923334187816178,-0.10723951285520972,0.09662011318207771,0.12571000000000002,4.276646004273106,0.1517914315473111,21.88412017167382,2005,2026,39.2636091110806,0.211019881476799,-14.3598584609337,9.12833245275655,24.829243951917828,40.578826121203626,30.92540055276025,1.29277263814823,1.36373739122237,1.00202473443379,682.966522336703,2.98525862641834,0.0859949740533258,5.66064980065889,North sea,1994,0.010005010510177645,0.12006012612213174,0.5343233998654249,224.0,69.28000523885886
MARIA,Heidrun,False,79,0.1099231444279078,-0.009533328207887992,0.6354034163758796,-0.10946554016501782,0.15218200864187068,0.07520012658227848,0.0768701555409165,0.11565800488386126,12.291139240506329,2019,2026,24.4409440894606,0.532004638793878,-64.993677147368,15.7949149993578,7.07375475087069,44.70309629756213,47.54460121823877,2.28098943136035,11.327379295567,2.45025444436768,1067.60242618784,17.5153511397964,3.20000004768371,6.10117361985008,Norwegian sea,2010,0.0069648154260109054,0.08357778511213086,0.1570370111671785,61.0,99.52125622328874
MARTIN LINGE,Martin Linge,True,44,0.03937501307727392,-0.03397210484490063,0.4876093741375819,-0.09308621448756739,0.03479085764487628,0.09235772727272727,1.68677788266645,0.6465434436848866,45.81818181818182,2022,2026,27.8422641859289,0.21138196382242,-24.5537695400305,13.4803606425822,11.04843497215546,46.85265068316069,41.92802231920797,1.5816027401334,0.636634664657283,2.61782713325675,527.194150976596,13.5034953578956,2.62827676349153,9.3740813525251,North sea,1978,0.018255174155008554,0.21906208986010264,0.5533101488974643,42.0,37.96990237804831
MARULK,Norne,False,132,0.0493308614273008,-0.02479171274791714,0.38882258466021596,-0.1322344322344322,0.10105633802816893,0.0046205303030303025,15.64759572117191,0.18551101993041064,27.12121212121212,2013,2026,33.9955719154872,0.173762395630177,15.0,8.05150046202256,10.47441884008746,45.44239814855472,43.15645552032174,1.0125261514852,0.514814556054689,1.4130265807347,300.386894111234,6.64944425362657,0.0900000035762787,8.20119803208561,Norwegian sea,1992,0.021144227884336925,0.2537307346120431,0.6378587777710181,62.0,32.78186294394841
NJORD,Njord,True,234,0.06620805183900709,-0.03722268239300072,0.4613529315453574,-0.11767459662149882,0.14449024574507888,0.11073247863247863,1.406711540714781,0.09636844232176402,23.444444444444443,1998,2026,44.766792129643,0.0643388067225921,-72.0951966050406,3.2485766922058,33.86435529240978,39.30790353521274,23.11881832584605,0.351998049953245,0.316729805959251,0.221407579785093,219.95499355797,1.73148631864286,0.0399999991059303,6.4994144283384,Norwegian sea,1986,0.009037896396161807,0.10845475675394167,0.7601043779733991,209.0,76.6934195942221
NORNE,Norne,True,322,0.040329610025084485,-0.01682508267445187,0.40019347454537285,-0.10329410107237663,0.09788374528588509,0.2712522049689441,0.5821800568154745,0.6619666985442988,19.87888198757764,1998,2026,33.9955719154872,0.173762395630177,15.0,8.05150046202256,10.47441884008746,45.44239814855472,43.15645552032174,1.0125261514852,0.514814556054689,1.4130265807347,300.386894111234,6.64944425362657,0.0900000035762787,8.20119803208561,Norwegian sea,1992,0.013766835364272964,0.16520202437127557,0.8864122258833959,283.0,50.34905715214463
OSEBERG,Oseberg,True,456,0.034301264982855545,-0.0053128274447513425,0.35188931894972353,-0.07478512801655017,0.07783964601431362,0.8722325219298245,0.8416664280411945,0.2672305062943683,27.660087719298247,1987,2026,39.9434656421417,0.189810897966947,-18.0,8.32821784897739,25.34171573550684,42.91410169649291,28.3764639162822,1.26116051024895,0.884546002984465,1.07199277773617,720.311705756422,2.69254771710991,0.0900000035762787,5.49988944812762,North sea,1979,0.00740662360498857,0.08887948325986283,0.8064168992769726,364.0,93.58477189162024
OSEBERG SØR,Oseberg,False,300,0.04439653810732111,-0.003142916304473552,0.3835643554366463,-0.09202767793402342,0.08548068577431148,0.20739660000000001,0.3592194132440111,0.45666860143608695,29.166666666666668,2001,2026,39.9434656421417,0.189810897966947,-18.0,8.32821784897739,25.34171573550684,42.91410169649291,28.3764639162822,1.26116051024895,0.884546002984465,1.07199277773617,720.311705756422,2.69254771710991,0.0900000035762787,5.49988944812762,North sea,1984,0.0057548042843725425,0.06905765141247051,0.8320746182452243,273.0,120.44669919396233
OSEBERG ØST,Oseberg,False,307,0.06037012317154457,-0.01756837692154134,0.44275272247780056,-0.15845920095997595,0.1567740519983911,0.07322918566775244,0.02062749273950283,0.708929371458041,31.71986970684039,2000,2026,39.9434656421417,0.189810897966947,-18.0,8.32821784897739,25.34171573550684,42.91410169649291,28.3764639162822,1.26116051024895,0.884546002984465,1.07199277773617,720.311705756422,2.69254771710991,0.0900000035762787,5.49988944812762,North sea,1981,0.006089922172530591,0.07307906607036709,0.4010638573865315,291.0,113.81872558018532
SKARV,Skarv,True,144,0.030532158039071652,-0.01123901232347652,0.375441873856631,-0.08830347601676143,0.06053498502034043,0.13780916666666665,3.728222084228523,0.1048580405574195,21.59722222222222,2014,2026,50.8043095440118,0.0641524144208956,-36.0,1.75244463606187,42.45013006474462,46.71379168035491,8.29172831352849,0.244097827507834,0.504163746301246,0.171384269186692,109.503867356413,1.13130605323118,0.0299999993294477,2.97059191382059,Norwegian sea,1998,0.008895165600987036,0.10674198721184444,0.5896250307864122,140.0,77.92403330670217
SKOGUL,Alvheim,False,59,0.032722778872640135,-0.041189931350114325,0.47559328275332957,-0.08670129636442012,0.013141890675314344,0.017887457627118644,0.062050208065783846,0.7037702066757088,13.203389830508474,2021,2026,34.5440158378669,0.40211278459505,-39.0,8.72113464992648,19.39621897341145,44.78554795670213,34.521202266508084,1.122477243191,2.76486143587745,0.804090641358182,747.235115370179,4.31361173727147,0.430000007152557,6.93596804107413,North sea,2010,0.020622278734779956,0.2474673448173595,0.7674956162410163,55.0,33.61157074222532
SKULD,Norne,False,108,0.01277516398080049,-0.019416867056713978,0.35830539278405327,-0.13862037781065975,0.06790493908659904,0.03718055555555556,0.025480265207941406,0.5408204501312945,10.351851851851851,2014,2025,33.9955719154872,0.173762395630177,15.0,8.05150046202256,10.47441884008746,45.44239814855472,43.15645552032174,1.0125261514852,0.514814556054689,1.4130265807347,300.386894111234,6.64944425362657,0.0900000035762787,8.20119803208561,Norwegian sea,2008,0.02663935976283948,0.31967231715407374,0.9407031689747234,99.0,26.019663637969614
SNORRE,Statfjord,False,390,0.04857362738402601,-0.011550139815390097,0.39192887611441135,-0.09716002947509716,0.09578694474214748,0.6338891538461539,0.02569747471226857,0.4438168535872194,30.415384615384614,1993,2026,39.2677387701335,0.249441048544377,1.51651262516177,9.47536168226264,24.12567940310276,40.498496911447944,31.680919217903252,1.33838521711888,1.6278343315846,0.98808960819825,757.38921571985,3.09239822880271,0.0459601896971501,7.31704571949302,North sea,1979,0.003059527422080101,0.036714329064961214,0.48281130159718477,277.0,226.55367477918884
SOLVEIG,Grane,False,41,0.08034552975248635,0.009684210526315833,0.5062446161287655,-0.0802706923477355,0.10093869509792554,0.08627365853658536,0.15898446175956304,0.07153485846672145,10.951219512195122,2022,2026,27.1149865857435,0.66784513617451,0.0,19.0037543623531,11.76570998444963,38.192842737989885,47.925515066086575,3.2658749807797,11.0720274438829,3.5232091027351,1949.94386993433,13.7372014832226,1.10000002384186,7.10112377835507,North sea,2013,,,,3.0,
STATFJORD,Statfjord,True,543,0.01692777745808212,-0.0023094688221707792,0.2143327191763264,-0.08042506234900237,0.08947281328560538,1.0610380847145489,0.5445453480402277,0.522887465285439,29.042357274401475,1980,2026,39.2677387701335,0.249441048544377,1.51651262516177,9.47536168226264,24.12567940310276,40.498496911447944,31.680919217903252,1.33838521711888,1.6278343315846,0.98808960819825,757.38921571985,3.09239822880271,0.0459601896971501,7.31704571949302,North sea,1974,0.011082433145157564,0.13298919774189077,0.9487919338804567,405.0,62.54467511611508
STATFJORD NORD,Statfjord,False,350,0.08311921624871828,-0.009673719403825816,0.5722122304844653,-0.0888521848891431,0.08371667149995424,0.11215305714285713,0.06803334263636743,0.6717087567207547,33.56285714285714,1996,2026,39.2677387701335,0.249441048544377,1.51651262516177,9.47536168226264,24.12567940310276,40.498496911447944,31.680919217903252,1.33838521711888,1.6278343315846,0.98808960819825,757.38921571985,3.09239822880271,0.0459601896971501,7.31704571949302,North sea,1977,0.0073457974021362855,0.08814956882563543,0.649291936143475,330.0,94.35969202722173
STATFJORD ØST,Statfjord,False,363,0.08637347668639805,-0.012322472848788645,0.5738307012091554,-0.1184424412205059,0.09743066566275166,0.09961741046831955,0.2151972832048553,0.6324906603466501,34.39944903581267,1995,2026,39.2677387701335,0.249441048544377,1.51651262516177,9.47536168226264,24.12567940310276,40.498496911447944,31.680919217903252,1.33838521711888,1.6278343315846,0.98808960819825,757.38921571985,3.09239822880271,0.0459601896971501,7.31704571949302,North sea,1976,0.009482834938184121,0.11379401925820945,0.7423370582049886,324.0,73.09493258908046
SYGNA,Statfjord,False,259,0.08896961627953524,-0.013483146067415649,0.6022686443052501,-0.10743359893675379,0.09061408367721807,0.03475818532818532,0.0,0.7830792874404988,17.328185328185327,2001,2026,39.2677387701335,0.249441048544377,1.51651262516177,9.47536168226264,24.12567940310276,40.498496911447944,31.680919217903252,1.33838521711888,1.6278343315846,0.98808960819825,757.38921571985,3.09239822880271,0.0459601896971501,7.31704571949302,North sea,1996,0.009161516961256817,0.1099382035350818,0.46599346816086507,249.0,75.658559984247
TAMBAR,Ekofisk,False,273,0.13454941777238122,-0.017183631862530954,0.6970869212497043,-0.1482213438735178,0.1841883936080741,0.03901263736263736,0.0,0.06712973747895852,30.9010989010989,2002,2026,38.8888505112461,0.207184367217011,-3.0,12.2005750162672,23.53437506996303,38.82429027928012,34.111099855306705,1.43135990464352,1.86937570940228,3.00146231462393,1167.98218528124,3.82708799168692,0.100000001490116,7.72782984413177,North sea,1983,0.007980961498799575,0.0957715379855949,0.6566212134121845,269.0,86.85008449974384
TORDIS,Statfjord,False,355,0.07834890562235089,-0.01870784630878635,0.5262760404817464,-0.11378680189389861,0.0973202095453182,0.1798660281690141,0.10529337378786627,0.5376708418014481,23.295774647887324,1995,2026,39.2677387701335,0.249441048544377,1.51651262516177,9.47536168226264,24.12567940310276,40.498496911447944,31.680919217903252,1.33838521711888,1.6278343315846,0.98808960819825,757.38921571985,3.09239822880271,0.0459601896971501,7.31704571949302,North sea,1987,0.005309243231259554,0.06371091877511464,0.49991523362223655,277.0,130.5547985593993
TROLL,Troll,True,420,0.03519048639530953,-0.005207359931160466,0.35819502084022853,-0.07676117147585809,0.060391890029940574,0.699843119047619,5.006331413109721,0.5269504697932673,29.159523809523808,1991,2026,38.765436257241,0.130936656687094,-12.0,7.17051168368127,29.08033978396558,39.56219896972246,28.58076133428843,0.780222344017711,0.302020359581978,0.432467729252159,510.437984649045,2.56868800351999,0.409999996423722,4.50042664573574,North sea,1979,0.007189481388064526,0.08627377665677431,0.7956020848192665,271.0,96.41129076579288
ULA,Ekofisk,False,457,0.049748878124207946,-0.015015600624024959,0.4478835536005017,-0.10216346153846145,0.09345709345709347,0.15906398249452955,0.02107071640014208,0.5288202816698565,30.446389496717725,1987,2026,38.8888505112461,0.207184367217011,-3.0,12.2005750162672,23.53437506996303,38.82429027928012,34.111099855306705,1.43135990464352,1.86937570940228,3.00146231462393,1167.98218528124,3.82708799168692,0.100000001490116,7.72782984413177,North sea,1976,0.006926564556697249,0.08311877468036699,0.6407524594360539,384.0,100.07084679370323
URD,Norne,False,219,0.08983605678769412,-0.014417300760913064,0.6171657701451881,-0.14376263120550375,0.10537510785608703,0.02758694063926941,0.02982141035682664,0.6734864967464468,16.009132420091323,2006,2026,33.9955719154872,0.173762395630177,15.0,8.05150046202256,10.47441884008746,45.44239814855472,43.15645552032174,1.0125261514852,0.514814556054689,1.4130265807347,300.386894111234,6.64944425362657,0.0900000035762787,8.20119803208561,Norwegian sea,2000,0.006217552285198368,0.07461062742238042,0.41195420707631514,216.0,111.48232435617238
VALEMON,Gullfaks,False,120,0.06376974869132064,-0.03368167413111238,0.5217050875616706,-0.15592482657417286,0.14247593326654184,0.014113666666666667,8.100148183926876,0.33550407470188287,35.608333333333334,2016,2026,39.2636091110806,0.211019881476799,-14.3598584609337,9.12833245275655,24.829243951917828,40.578826121203626,30.92540055276025,1.29277263814823,1.36373739122237,1.00202473443379,682.966522336703,2.98525862641834,0.0859949740533258,5.66064980065889,North sea,1985,0.019282021185850644,0.23138425423020773,0.7754450343641474,111.0,35.94784871767407
VALHALL,Ekofisk,False,498,0.05405544550242576,-0.002657996672258356,0.42172076138202524,-0.0719197805989038,0.0670364192997005,0.26587779116465865,0.1836119555799786,0.12197422342790105,29.333333333333332,1983,2026,38.8888505112461,0.207184367217011,-3.0,12.2005750162672,23.53437506996303,38.82429027928012,34.111099855306705,1.43135990464352,1.86937570940228,3.00146231462393,1167.98218528124,3.82708799168692,0.100000001490116,7.72782984413177,North sea,1975,0.0031851076832097457,0.03822129219851695,0.6289427097600966,319.0,217.6212704562115
VIGDIS,Statfjord,False,331,0.09626403319214125,-0.007153923266198798,0.5968676996952686,-0.10622812190669582,0.10813166984889444,0.20398951661631418,0.027033718529693378,0.5596821042171701,25.637462235649547,1998,2026,39.2677387701335,0.249441048544377,1.51651262516177,9.47536168226264,24.12567940310276,40.498496911447944,31.680919217903252,1.33838521711888,1.6278343315846,0.98808960819825,757.38921571985,3.09239822880271,0.0459601896971501,7.31704571949302,North sea,1986,0.005327350040559419,0.06392820048671304,0.710545756199285,318.0,130.11106371511465
VILJE,Alvheim,False,195,0.027462740148230247,-0.014152514152514211,0.372021129122458,-0.09210677475559037,0.0656744979609821,0.06342066666666667,0.027013711597523495,0.5508052814146078,14.38974358974359,2009,2026,34.5440158378669,0.40211278459505,-39.0,8.72113464992648,19.39621897341145,44.78554795670213,34.521202266508084,1.122477243191,2.76486143587745,0.804090641358182,747.235115370179,4.31361173727147,0.430000007152557,6.93596804107413,North sea,2003,0.018499233163952678,0.22199079796743215,0.9570875870579398,172.0,37.4689682765122
VISUND,Gullfaks,False,298,0.11201602515597864,-0.028568441305185557,0.6351828248237,-0.14751948815157956,0.1326678873346282,0.1273881879194631,2.623537110462536,0.38928803918737676,26.90268456375839,2000,2026,39.2636091110806,0.211019881476799,-14.3598584609337,9.12833245275655,24.829243951917828,40.578826121203626,30.92540055276025,1.29277263814823,1.36373739122237,1.00202473443379,682.966522336703,2.98525862641834,0.0859949740533258,5.66064980065889,North sea,1986,0.004026474631929392,0.0483176955831527,0.21484762507084743,283.0,172.14741030860674
VOLUND,Alvheim,False,178,0.020996614723050644,-0.024284357939174765,0.33726656683059725,-0.10492729299190923,0.052152044583191094,0.06516876404494382,0.19033530006353028,0.5352827482085543,23.921348314606742,2010,2026,34.5440158378669,0.40211278459505,-39.0,8.72113464992648,19.39621897341145,44.78554795670213,34.521202266508084,1.122477243191,2.76486143587745,0.804090641358182,747.235115370179,4.31361173727147,0.430000007152557,6.93596804107413,North sea,1994,0.020282734482640657,0.24339281379168787,0.8243203980798923,168.0,34.174247123985566
ÅSGARD,Asgard,True,309,0.0343429292751751,-0.0022123893805310185,0.362061636624713,-0.08687569915114829,0.06579572446555823,0.3237332362459547,3.05257252498622,0.15898916276048888,31.789644012944983,2000,2026,47.5080455323182,0.203404583226431,-31.3901037630523,4.56725838759823,42.52891661557821,35.274612828914144,18.01696921043278,0.734921856944098,2.29797654653705,0.25111842036293,316.917276069404,1.46144995562395,0.0504000006616115,3.05085762691131,Norwegian sea,1981,0.007289743582827455,0.08747692299392947,0.8151779692286542,294.0,95.0852622845063
